node_id,neighbor_id,distance,neighbor_role,neighbor_hop_count,arrival_time
0,1,86.924397,REGISTERED,5,4979.312481950273
0,11,114.266992,ROUTER,3,4897.458500155675
0,10,81.623310,REGISTERED,4,4959.31219998072
0,21,169.439608,ROUTER,,339.31147797094644
0,20,135.534103,REGISTERED,,359.31214593909266
0,22,215.460318,CLUSTER_HEAD,,177.45838588868344
0,2,181.561891,CLUSTER_HEAD,,361.20670113880664
0,12,209.403920,REGISTERED,,395.57771173050145
1,10,87.393479,REGISTERED,4,4959.312205750888
1,2,94.637494,CLUSTER_HEAD,4,4961.206701138806
1,12,112.516660,REGISTERED,3,4895.577729110233
1,11,77.178793,ROUTER,3,4897.458463067476
1,20,141.304272,REGISTERED,,359.31214593909266
1,21,224.954807,ROUTER,,339.31150259279553
1,3,214.796236,REGISTERED,,361.20669224691346
2,13,80.230942,ROUTER,3,4941.206029502499
2,3,78.019994,REGISTERED,4,4961.206667987332
2,23,157.752688,ROUTER,,160.5994246950085
2,22,120.000908,CLUSTER_HEAD,2,4919.3112826394145
2,14,190.089175,ROUTER,,333.122836279328
2,12,53.340141,REGISTERED,3,4895.577669933714
2,11,116.535786,ROUTER,3,4897.45850242447
2,4,168.213386,ROUTER,,302.3527057510735
2,21,165.778288,ROUTER,,339.31150259279553
2,10,182.030973,REGISTERED,,359.3122057508888
3,13,63.696968,ROUTER,3,4941.206012968524
3,12,102.279575,REGISTERED,3,4895.577718873148
3,4,51.846483,ROUTER,2,4902.352669615113
3,22,164.216281,CLUSTER_HEAD,,319.3112631578212
3,14,173.555201,ROUTER,,333.122836279328
3,11,194.555781,ROUTER,,297.4585024244697
3,15,159.392210,REGISTERED,,303.17908072342175
3,5,153.233059,CLUSTER_HEAD,,304.19983914729113
3,21,214.717722,ROUTER,,339.31150259279553
4,14,85.537593,ROUTER,1,4933.122811958688
4,13,87.982444,ROUTER,3,4941.206037254001
4,15,107.545727,REGISTERED,2,4903.179080723421
4,5,101.386576,CLUSTER_HEAD,3,4904.199839147291
4,24,136.432517,ROOT,,211.10005089492378
4,23,165.504189,ROUTER,,399.3107802547508
4,25,168.649396,REGISTERED,,391.0884013393505
4,22,188.501758,CLUSTER_HEAD,,319.3112631578212
4,12,152.386681,REGISTERED,,395.57768099781134
4,6,173.710294,REGISTERED,,374.1992621225284
4,26,206.363107,ROUTER,,333.12300957116366
5,6,72.323718,REGISTERED,6,4974.199262122528
5,15,115.439857,REGISTERED,2,4903.179088617551
5,14,186.924170,CLUSTER_HEAD,,202.35261776862984
5,7,150.596896,ROUTER,,354.1979937645153
5,16,166.078631,CLUSTER_HEAD,,375.5394717737771
5,26,214.257237,ROUTER,,333.12300957116366
5,25,176.543527,REGISTERED,,391.0884013393505
6,7,78.273179,ROUTER,5,4954.197993764516
6,16,93.754914,CLUSTER_HEAD,6,4975.539471773776
6,15,117.122428,REGISTERED,2,4903.179090300122
6,18,170.350874,CLUSTER_HEAD,,307.4353490570755
6,8,135.864848,REGISTERED,,344.94742903339335
6,17,160.357764,REGISTERED,,312.82713142198287
6,36,206.278712,REGISTERED,,356.95696583320677
6,24,175.110590,ROOT,,311.10005798816195
6,14,150.149932,ROUTER,,333.12275944859897
6,26,215.939807,ROUTER,,333.12300957116366
6,25,178.226097,REGISTERED,,391.0884013393505
7,17,91.576508,REGISTERED,4,4912.8271563956405
7,18,92.077695,CLUSTER_HEAD,4,4907.435349057075
7,8,57.591669,REGISTERED,5,4944.947429033393
7,16,105.704673,CLUSTER_HEAD,6,4975.539483723536
7,19,208.672861,REGISTERED,,307.43536761189966
7,26,169.977869,ROUTER,,333.1229750269794
7,9,157.015747,REGISTERED,,327.4356633938327
7,15,195.395606,REGISTERED,,303.1790903001225
7,29,206.702207,REGISTERED,,341.6572263549937
7,36,218.228471,REGISTERED,,356.95696583320677
7,27,194.994808,REGISTERED,,279.09360181738884
7,25,199.707762,REGISTERED,,291.08843423877005
8,18,48.422495,CLUSTER_HEAD,4,4907.435305401875
8,17,85.506311,REGISTERED,4,4912.827150325444
8,19,111.227910,REGISTERED,4,4907.435361743457
8,9,99.424078,REGISTERED,5,4927.435663393832
8,28,189.161759,ROUTER,,287.4344081106656
8,26,204.975567,ROUTER,,333.1230302230398
8,16,152.109161,CLUSTER_HEAD,,275.53944462171324
8,29,160.239508,REGISTERED,,341.6571607420803
9,19,100.349399,REGISTERED,4,4907.4353508649465
9,18,106.552404,CLUSTER_HEAD,4,4907.435363531784
9,28,178.283249,ROUTER,,287.4344081106656
9,17,184.930389,REGISTERED,,312.8271503254443
9,38,222.457021,ROUTER,,322.5299508758378
10,20,53.910793,REGISTERED,4,4959.312145939092
10,21,87.816297,ROUTER,3,4939.311477970947
10,11,46.701317,ROUTER,3,4897.4584325900005
10,22,163.655011,CLUSTER_HEAD,,319.31123847722125
10,12,141.838245,REGISTERED,,395.57771173050145
10,30,176.106446,CLUSTER_HEAD,,359.31220712140913
10,32,203.665202,ROUTER,,272.1148132655678
10,31,171.910725,ROUTER,,348.4391526714356
11,21,63.195521,ROUTER,3,4939.31145335017
11,20,69.946437,REGISTERED,4,4959.312161974736
11,22,101.193326,CLUSTER_HEAD,2,4919.311263831833
11,12,95.136928,REGISTERED,3,4895.577711730501
11,23,195.364168,ROUTER,,299.31079690384706
11,31,200.163804,ROUTER,,348.4391336419821
11,30,151.485669,CLUSTER_HEAD,,359.31220712140913
11,32,167.752424,ROUTER,,372.11476397576206
11,13,201.712640,ROUTER,,341.2060497908714
11,33,217.797386,REGISTERED,,380.5996171862043
12,13,64.404238,ROUTER,3,4941.206013675795
12,22,66.790820,CLUSTER_HEAD,2,4919.311229429327
12,23,111.498220,ROUTER,1,4899.310814231225
12,21,112.438146,ROUTER,3,4939.3115025927955
12,14,174.262471,ROUTER,,333.122836279328
12,32,228.287051,ROUTER,,372.1148132655678
12,33,191.297459,REGISTERED,,380.5995803813838
12,34,222.696915,REGISTERED,,303.1790878446062
12,31,165.761298,ROUTER,,348.4391336419821
12,20,173.925334,REGISTERED,,259.3121535154876
12,30,200.728295,CLUSTER_HEAD,,359.31220712140913
12,24,200.194708,ROOT,,311.1000886964884
13,23,77.521745,ROUTER,1,4899.31078025475
13,22,100.519314,CLUSTER_HEAD,2,4919.311263157821
13,14,109.858233,ROUTER,1,4933.122836279327
13,24,160.753157,ROOT,,311.10005089492375
13,25,195.637690,REGISTERED,,291.0884260151386
13,15,195.528170,REGISTERED,,303.17908072342175
13,32,163.056324,ROUTER,,272.1147829512417
13,33,157.320985,REGISTERED,,280.5995803813838
13,34,188.720440,REGISTERED,,303.1790878446062
13,21,176.842384,ROUTER,,339.31150259279553
13,31,199.489792,ROUTER,,248.43913364198218
13,1,174.868436,REGISTERED,,279.3124896633702
13,5,189.369020,CLUSTER_HEAD,,304.19983914729113
14,24,50.894924,ROOT,0,4911.100050894923
14,23,104.960217,ROUTER,1,4899.310807693222
14,25,85.779457,REGISTERED,3,4991.088426015138
14,15,33.027504,REGISTERED,2,4903.179006205198
14,26,131.844884,ROUTER,,333.12300957116366
14,16,179.782546,CLUSTER_HEAD,,375.5394720219521
14,35,183.347035,CLUSTER_HEAD,,376.18948313934425
14,34,122.077401,REGISTERED,3,4903.179098723313
14,36,261.060586,REGISTERED,,356.95699229259355
14,22,210.377547,CLUSTER_HEAD,,319.3112631578212
14,32,190.494795,ROUTER,,272.1147829512417
14,33,227.242142,REGISTERED,,380.59960574688506
15,24,57.988162,ROOT,0,4911.100057988161
15,26,98.817380,ROUTER,1,4933.1230095711635
15,16,210.877341,CLUSTER_HEAD,,375.5394717737771
15,25,61.103669,REGISTERED,3,4991.088401339351
15,23,234.287406,ROUTER,,399.31081393170035
15,37,215.961319,CLUSTER_HEAD,,167.43410596425878
15,35,158.671247,CLUSTER_HEAD,,376.18948313934425
15,17,184.215768,REGISTERED,,312.82713142198287
15,36,262.071895,REGISTERED,,356.95699229259355
15,27,203.862279,REGISTERED,,379.0936175721531
15,34,123.088711,REGISTERED,3,4903.179099734622
15,44,196.415994,REGISTERED,,316.1901771050913
15,33,228.253452,REGISTERED,,380.59960574688506
16,26,64.273196,ROUTER,1,4933.1229750269795
16,17,66.602850,REGISTERED,4,4912.827131421983
16,36,112.523798,REGISTERED,3,4956.956965833207
16,27,89.290134,REGISTERED,3,4979.093601817389
16,18,199.432092,CLUSTER_HEAD,,307.43536712133755
16,25,94.003089,REGISTERED,3,4991.08843423877
16,24,160.637844,ROOT,,311.10006663475565
16,37,160.954147,CLUSTER_HEAD,,367.4340604843325
16,35,191.570666,CLUSTER_HEAD,,376.18948313934425
16,19,183.699202,REGISTERED,,307.43536761189966
16,45,241.279729,REGISTERED,,316.19017141777925
16,38,181.181128,ROUTER,,322.5299206592098
16,34,188.287927,REGISTERED,,303.1790709307495
16,4,225.158645,ROUTER,,402.3527253143565
17,28,79.987241,ROUTER,3,4987.434410164056
17,26,119.469256,ROUTER,1,4933.12303022304
17,18,60.401947,CLUSTER_HEAD,4,4907.435317381326
17,19,117.096352,REGISTERED,4,4907.4353676119
17,37,137.377718,CLUSTER_HEAD,,367.4340604843325
17,27,65.713705,REGISTERED,3,4979.093578240959
17,24,231.808409,ROOT,,311.1001123391533
17,35,229.591653,CLUSTER_HEAD,,276.18949569416355
17,36,179.126648,REGISTERED,,356.95696583320677
17,25,165.439031,REGISTERED,,291.08838620545635
17,29,158.859972,REGISTERED,,241.65719060321334
17,38,157.604699,ROUTER,,322.5299206592098
18,28,84.397682,ROUTER,3,4987.434414574498
18,19,72.279150,REGISTERED,4,4907.435322794698
18,37,181.805970,CLUSTER_HEAD,,367.4340604843325
18,29,114.624512,REGISTERED,4,4941.657226354993
18,27,110.141957,REGISTERED,3,4979.093622669211
18,26,179.871203,ROUTER,,233.12303022303988
18,38,202.032951,ROUTER,,322.5299206592098
18,39,216.289598,REGISTERED,,285.91776250826695
19,28,77.933849,ROUTER,3,4987.434408110665
19,29,49.011598,REGISTERED,4,4941.65716074208
19,37,191.719348,CLUSTER_HEAD,,267.4341026058184
19,27,140.017474,REGISTERED,,279.0935746108788
19,38,122.107622,ROUTER,3,4922.529950875837
19,39,150.676684,REGISTERED,,285.91776250826695
19,26,236.565608,ROUTER,,233.12303022303988
19,48,224.733040,CLUSTER_HEAD,,307.43527921136615
20,21,61.487188,ROUTER,3,4939.311451641836
20,31,117.999932,ROUTER,3,4948.439152671435
20,30,79.903652,CLUSTER_HEAD,4,4959.312198734912
20,22,137.325901,CLUSTER_HEAD,,319.31123847722125
20,32,177.336092,ROUTER,,272.1148132655678
20,41,199.435246,REGISTERED,,268.4399240883764
20,40,210.234775,CLUSTER_HEAD,,268.43994568743443
20,42,236.828785,REGISTERED,,316.19098648553563
20,2,186.482223,CLUSTER_HEAD,,261.20672303709915
21,22,75.838714,CLUSTER_HEAD,2,4919.311238477221
21,31,76.194710,ROUTER,3,4948.439110866213
21,30,88.290148,CLUSTER_HEAD,4,4959.312207121408
21,32,115.848904,ROUTER,3,4972.114813265567
21,23,170.009556,ROUTER,,299.31079690384706
21,41,229.837503,REGISTERED,,368.43995664166107
21,40,168.429553,CLUSTER_HEAD,,268.43994568743443
21,42,195.023563,REGISTERED,,316.19098648553563
21,43,232.533133,CLUSTER_HEAD,,276.19089481154083
22,23,94.170842,ROUTER,1,4899.3107969038465
22,24,182.867330,ROOT,,311.1000886964884
22,31,98.970479,ROUTER,3,4948.439133641982
22,30,164.128862,CLUSTER_HEAD,,259.31220712140913
22,32,66.559099,ROUTER,3,4972.114763975762
22,41,180.547697,REGISTERED,,368.43995664166107
22,40,191.205321,CLUSTER_HEAD,,268.43994568743443
22,33,116.604060,REGISTERED,3,4980.599617186204
22,43,189.062899,CLUSTER_HEAD,,376.1908505861515
22,1,178.372118,REGISTERED,,379.31247220466895
22,34,205.369537,REGISTERED,,303.1790878446062
22,42,217.799331,REGISTERED,,316.19098648553563
22,44,226.344026,REGISTERED,,316.1901484172253
23,24,88.696488,ROOT,0,4911.100088696488
23,32,85.534578,ROUTER,3,4972.114782951241
23,33,79.799240,REGISTERED,3,4980.599580381384
23,34,111.198695,REGISTERED,3,4903.179087844606
23,25,205.483533,REGISTERED,,391.08843452051957
23,3,213.777795,REGISTERED,,361.20669224691346
23,44,189.539205,REGISTERED,,216.1901484172254
23,43,152.258079,CLUSTER_HEAD,,376.1908505861515
23,42,178.794646,REGISTERED,,216.19096091675098
23,31,193.141320,ROUTER,,248.43913364198218
23,41,199.523177,REGISTERED,,368.43995664166107
23,35,160.873217,CLUSTER_HEAD,,276.18943524628935
23,1,224.014880,REGISTERED,,279.3125075425368
23,36,250.181880,REGISTERED,,356.95699229259355
24,26,112.339153,ROUTER,1,4933.123023092937
24,35,106.967833,CLUSTER_HEAD,2,4976.189492539599
24,37,229.483093,CLUSTER_HEAD,,167.43410596425878
24,25,66.634756,REGISTERED,3,4991.088406870436
24,34,71.186704,REGISTERED,3,4903.179047832615
24,36,210.169889,REGISTERED,,356.95699229259355
24,27,217.384052,REGISTERED,,179.09361757215316
24,44,138.427832,REGISTERED,3,4916.190177105091
24,45,175.846940,REGISTERED,,216.19011154095466
24,32,174.231067,ROUTER,,272.1147829512417
24,33,176.351445,REGISTERED,,380.59960574688506
25,26,45.969775,ROUTER,1,4933.122956723559
25,35,97.567577,CLUSTER_HEAD,2,4976.189483139344
25,36,101.038098,REGISTERED,3,4956.956954347506
25,34,94.284838,REGISTERED,3,4903.17907093075
25,37,163.113714,CLUSTER_HEAD,,167.43410596425878
25,27,193.420020,REGISTERED,,379.09360490917595
25,44,205.062587,REGISTERED,,316.1901771050913
25,45,229.794029,REGISTERED,,316.19017141777925
25,33,199.449579,REGISTERED,,380.59960574688506
25,46,181.326601,REGISTERED,,387.43427001127253
26,37,117.143939,CLUSTER_HEAD,2,4967.434105964258
26,35,110.122397,CLUSTER_HEAD,2,4976.189495694162
26,36,66.956620,REGISTERED,3,4956.956920266029
26,27,105.044899,REGISTERED,3,4979.093617572153
26,34,125.450270,REGISTERED,3,4903.179102096181
26,46,184.111423,REGISTERED,,187.43425669025356
26,28,230.929438,ROUTER,,187.43444396231502
26,38,196.935893,ROUTER,,322.5299206592098
26,44,175.016914,REGISTERED,,216.19010357177714
26,45,195.712551,REGISTERED,,316.19017141777925
26,47,208.894066,ROUTER,,193.4954977862454
26,33,230.615011,REGISTERED,,380.59960574688506
26,23,236.648965,ROUTER,,399.31081393170035
27,28,62.083624,ROUTER,3,4987.43439226044
27,37,71.664013,CLUSTER_HEAD,2,4967.434060484332
27,38,91.890994,ROUTER,3,4922.529920659209
27,36,92.381922,REGISTERED,3,4956.9569456913305
27,35,215.167295,CLUSTER_HEAD,,376.1894956941635
27,46,138.631496,REGISTERED,,187.43425669025356
27,47,163.414139,ROUTER,,287.43435582082503
27,29,224.766469,REGISTERED,,341.6572263549937
27,48,194.516412,CLUSTER_HEAD,,337.4361384213281
27,45,221.137852,REGISTERED,,316.19017141777925
27,6,183.045048,REGISTERED,,374.1992835537244
28,37,113.785499,CLUSTER_HEAD,2,4967.434102605818
28,38,64.416661,ROUTER,3,4922.529893184876
28,29,78.872731,REGISTERED,4,4941.657190603213
28,46,180.752982,REGISTERED,,187.43425669025356
28,47,205.535625,ROUTER,,287.43435582082503
28,36,175.244475,REGISTERED,,256.9569147683854
28,16,151.373759,CLUSTER_HEAD,,375.5394673089978
28,48,167.042078,CLUSTER_HEAD,,307.43527921136615
28,39,180.537817,REGISTERED,,285.91776250826695
28,7,176.475378,ROUTER,,254.19800756903206
29,38,94.085820,ROUTER,3,4922.529922854035
29,37,192.658230,CLUSTER_HEAD,,267.4341026058184
29,48,195.633891,CLUSTER_HEAD,,337.4361297647152
29,39,101.665086,REGISTERED,5,4985.917762508267
29,9,221.176916,REGISTERED,,327.4356705221594
29,49,187.724789,REGISTERED,,367.4354322391747
30,31,78.130292,ROUTER,3,4948.439112801795
30,40,85.338059,CLUSTER_HEAD,4,4968.439938790651
30,32,204.139053,ROUTER,,272.1148132655678
30,41,165.702056,REGISTERED,,368.43992301706004
30,42,196.959145,REGISTERED,,316.19098648553563
30,51,165.682113,REGISTERED,,288.4401331300348
30,50,183.282532,CLUSTER_HEAD,,288.44024523048284
31,41,81.435314,REGISTERED,4,4968.439924088376
31,40,92.234843,CLUSTER_HEAD,4,4968.439945687434
31,32,86.453160,ROUTER,3,4972.1147838698225
31,42,118.828853,REGISTERED,5,4916.190986485535
31,51,130.880123,REGISTERED,,288.44010223078936
31,52,208.300461,CLUSTER_HEAD,,408.44025209037454
31,43,203.137388,CLUSTER_HEAD,,276.19089481154083
31,50,190.179316,CLUSTER_HEAD,,288.44024523048284
31,33,198.504902,REGISTERED,,380.599580258193
31,44,256.611504,REGISTERED,,416.19017645991113
32,41,113.988599,REGISTERED,4,4968.4399566416605
32,43,116.684228,CLUSTER_HEAD,4,4976.19089481154
32,33,57.602270,REGISTERED,3,4980.5995581844145
32,42,93.260068,REGISTERED,5,4916.190960916751
32,34,196.733273,REGISTERED,,303.1790878446062
32,40,178.688003,CLUSTER_HEAD,,368.43994568743443
32,51,163.433408,REGISTERED,,288.44010223078936
32,52,182.731676,CLUSTER_HEAD,,408.44025209037454
32,44,231.042720,REGISTERED,,416.19017645991113
32,53,214.270988,REGISTERED,,296.1911684743529
33,44,109.739966,REGISTERED,3,4916.190148417225
33,43,72.458839,CLUSTER_HEAD,4,4976.190850586151
33,34,105.164741,REGISTERED,3,4903.179081810652
33,42,79.676049,REGISTERED,5,4916.190947332731
33,35,174.634483,CLUSTER_HEAD,,376.1894504662841
33,45,175.757403,REGISTERED,,316.19010867928637
33,54,199.553284,CLUSTER_HEAD,,315.30398245888045
33,21,192.442774,ROUTER,,239.31146599336316
33,41,171.590869,REGISTERED,,368.43995664166107
33,53,170.045599,REGISTERED,,296.1911684743529
33,52,169.147657,CLUSTER_HEAD,,408.44025209037454
33,36,244.147926,REGISTERED,,356.95699229259355
34,35,49.674522,CLUSTER_HEAD,2,4976.189435246289
34,44,67.633491,REGISTERED,3,4916.190106310751
34,45,107.752152,REGISTERED,3,4916.1901504140005
34,36,138.983185,REGISTERED,3,4956.956992292594
34,43,122.716455,CLUSTER_HEAD,4,4976.190900843766
34,54,157.446810,CLUSTER_HEAD,,315.30398245888045
34,46,219.271687,REGISTERED,,387.43427001127253
34,56,217.143479,CLUSTER_HEAD,,312.4345700378478
34,27,231.365106,REGISTERED,,379.09360490917595
34,53,220.303215,REGISTERED,,396.1911684743528
34,55,190.627326,REGISTERED,,352.43478282897473
34,52,231.871315,CLUSTER_HEAD,,308.44027177362756
34,42,179.193220,REGISTERED,,316.19092413344777
35,37,227.266336,CLUSTER_HEAD,,267.4341059642587
35,44,64.894517,REGISTERED,3,4916.1901035717765
35,45,68.879106,REGISTERED,3,4916.190111540955
35,36,100.405602,REGISTERED,3,4956.95695371501
35,43,147.318618,CLUSTER_HEAD,,276.19086055141327
35,54,154.707836,CLUSTER_HEAD,,315.30398245888045
35,46,184.792566,REGISTERED,,287.43430563623
35,56,178.270433,CLUSTER_HEAD,,312.4345700378478
35,55,151.754280,REGISTERED,,252.4347828289748
36,37,61.458977,CLUSTER_HEAD,2,4967.434050279296
36,46,80.288503,REGISTERED,3,4987.434270011272
36,47,153.209103,ROUTER,,287.43435582082503
36,38,184.272916,ROUTER,,322.5299206592098
36,44,194.773369,REGISTERED,,316.1901046946976
36,45,128.755931,REGISTERED,3,4916.190171417779
36,57,168.964640,REGISTERED,,212.43446046828024
36,56,238.147258,CLUSTER_HEAD,,312.4345700378478
36,18,202.523879,CLUSTER_HEAD,,307.43536712133755
36,55,211.631105,REGISTERED,,352.43478282897473
37,46,66.967483,REGISTERED,3,4987.434256690253
37,47,91.750126,ROUTER,3,4987.434355820825
37,48,200.121888,CLUSTER_HEAD,,307.43527921136615
37,57,155.643621,REGISTERED,,212.43446046828024
37,56,154.992080,CLUSTER_HEAD,,212.43454867111762
37,38,97.496471,ROUTER,3,4922.529926264686
37,45,190.214907,REGISTERED,,316.19017141777925
37,58,166.823143,REGISTERED,,213.4955241479195
37,39,173.214910,REGISTERED,,185.917736561621
38,48,102.625418,CLUSTER_HEAD,4,4937.436138421328
38,39,75.718440,REGISTERED,5,4985.917736561621
38,46,164.463954,REGISTERED,,187.43425669025356
38,47,192.641688,ROUTER,,287.4343540869693
38,57,213.431685,REGISTERED,,312.4344825984093
38,49,161.778143,REGISTERED,,367.4354322391747
38,59,189.977349,ROUTER,,267.43552599367376
38,58,161.681318,REGISTERED,,313.49550813080333
39,48,93.968805,CLUSTER_HEAD,4,4937.436129764715
39,49,86.059703,REGISTERED,5,4967.435432239175
39,47,183.985075,ROUTER,,287.4343540869693
39,57,204.775072,REGISTERED,,312.4344825984093
39,59,181.320736,ROUTER,,367.4355259936737
39,58,177.471328,REGISTERED,,313.49554048652874
39,27,167.609434,REGISTERED,,379.09360441824845
40,41,80.363998,REGISTERED,4,4968.439923017059
40,51,80.344054,REGISTERED,5,4988.440133130034
40,50,97.944473,CLUSTER_HEAD,5,4988.440245230482
40,42,180.586364,REGISTERED,,316.1909678989926
40,52,182.019980,CLUSTER_HEAD,,308.4402642747497
40,60,190.852247,ROUTER,,308.4413397709282
40,61,161.064664,ROUTER,,308.44136040793967
41,51,49.444809,REGISTERED,5,4988.440102230788
41,52,101.655983,CLUSTER_HEAD,5,4908.440264274749
41,42,69.089617,REGISTERED,5,4916.1909367462995
41,50,178.308470,CLUSTER_HEAD,,288.44024523048284
41,60,159.953002,ROUTER,,308.4413397709282
41,61,130.165418,ROUTER,,308.44136040793967
41,43,230.672827,CLUSTER_HEAD,,276.19089481154083
41,44,206.872268,REGISTERED,,416.19017645991113
41,53,199.036671,REGISTERED,,396.1911682682812
41,62,187.293232,ROUTER,,316.19233114895127
41,63,197.706133,REGISTERED,,316.1923519747533
42,43,56.476765,CLUSTER_HEAD,4,4976.190834604077
42,51,100.242310,REGISTERED,5,4988.440153028289
42,52,89.471608,CLUSTER_HEAD,5,4908.440252090374
42,44,137.782651,REGISTERED,3,4916.190176459911
42,53,186.852296,REGISTERED,,396.1911682682812
42,60,210.750502,ROUTER,,308.4413397709282
42,61,180.962919,ROUTER,,408.44136040793967
42,54,168.989931,CLUSTER_HEAD,,415.3040051587272
43,44,82.424101,REGISTERED,3,4916.19012110136
43,53,97.586760,REGISTERED,5,4896.191168474353
43,52,109.154861,CLUSTER_HEAD,5,4908.440271773627
43,54,112.513166,CLUSTER_HEAD,6,4915.304005158727
43,45,235.440596,REGISTERED,,316.19018051568463
43,64,155.453568,REGISTERED,,316.1583768189969
43,63,139.992435,REGISTERED,,316.1922983302785
43,62,205.064607,ROUTER,,316.1923529895495
43,61,184.216372,ROUTER,,308.44135474884143
43,55,179.990608,REGISTERED,,352.43476743124296
43,65,228.965561,ROUTER,,297.7153702718647
43,25,217.001293,REGISTERED,,391.08843452051957
43,36,261.699639,REGISTERED,,356.95699229259355
43,51,192.763636,REGISTERED,,388.4401363947553
44,45,66.017438,REGISTERED,3,4916.190108679286
44,54,89.813319,CLUSTER_HEAD,6,4915.30398245888
44,46,181.930898,REGISTERED,,287.43430563623
44,56,175.408765,CLUSTER_HEAD,,312.4345700378478
44,53,121.096247,REGISTERED,5,4896.191191983839
44,52,191.578961,CLUSTER_HEAD,,308.44027177362756
44,55,157.290761,REGISTERED,,352.43476743124296
44,65,206.265715,ROUTER,,297.7153702718647
44,64,178.963054,REGISTERED,,316.1583768189969
44,63,163.501922,REGISTERED,,316.1922983302785
44,62,228.574094,ROUTER,,316.1923529895495
45,46,115.913460,REGISTERED,3,4987.4343056362295
45,56,109.391327,CLUSTER_HEAD,4,4912.434570037847
45,55,82.875174,REGISTERED,5,4952.434782828974
45,54,82.549824,CLUSTER_HEAD,6,4915.303975195385
45,57,178.563998,REGISTERED,,312.4344409648134
45,47,200.840904,ROUTER,,287.43435552027586
45,65,199.002219,ROUTER,,297.7153702718647
45,53,142.171765,REGISTERED,,396.1911305095346
45,64,170.482596,REGISTERED,,316.1584065596117
45,63,174.705497,REGISTERED,,216.19234808027664
45,66,186.074612,REGISTERED,,332.43472612842527
45,23,218.950847,ROUTER,,399.31081393170035
46,47,57.853043,ROUTER,3,4987.434321923741
46,57,88.676138,REGISTERED,4,4912.434460468279
46,56,88.024597,CLUSTER_HEAD,4,4912.434548671117
46,48,199.482404,CLUSTER_HEAD,,307.4352873922152
46,58,132.926059,REGISTERED,,213.4955241479195
46,16,192.812301,CLUSTER_HEAD,,275.53949054266144
46,66,189.839219,REGISTERED,,232.43472409206876
46,55,167.793690,REGISTERED,,252.434779722894
46,65,195.639203,ROUTER,,297.7153614340751
46,67,179.387686,REGISTERED,,232.43475213788088
46,54,198.463284,REGISTERED,,215.3039751953853
47,48,90.016271,CLUSTER_HEAD,4,4937.436125812181
47,57,46.696617,REGISTERED,4,4912.43441848876
47,56,91.449577,CLUSTER_HEAD,4,4912.434552096098
47,58,75.073016,REGISTERED,5,4913.495524147919
47,66,147.859698,REGISTERED,,232.43472409206876
47,67,137.408166,REGISTERED,,232.43475213788088
47,59,162.747009,ROUTER,,367.4355263157354
47,49,146.547445,REGISTERED,,267.43540271064626
47,68,189.955273,REGISTERED,,407.4371327693401
47,55,171.218670,REGISTERED,,252.434779722894
47,65,199.064183,ROUTER,,297.7153614340751
47,35,231.467097,CLUSTER_HEAD,,276.18948597736846
47,16,243.585293,CLUSTER_HEAD,,275.53949054266144
47,25,232.099593,REGISTERED,,291.0884412737794
48,57,110.806267,REGISTERED,4,4912.434482598408
48,49,56.531174,REGISTERED,5,4967.435402710646
48,59,87.351931,ROUTER,5,4967.435525993674
48,69,160.617859,CLUSTER_HEAD,,287.43676561927845
48,58,59.055900,REGISTERED,5,4913.4955081308035
48,68,173.938157,REGISTERED,,407.4371327693401
48,67,201.517815,REGISTERED,,232.43475213788088
48,66,211.969348,REGISTERED,,232.43472409206876
49,59,51.302401,ROUTER,5,4967.435489944144
49,58,91.411626,REGISTERED,5,4913.495540486529
49,57,159.524800,REGISTERED,,412.434439905317
49,69,122.280178,CLUSTER_HEAD,6,4987.436814633528
49,68,206.293883,REGISTERED,,407.4371327693401
49,67,176.011636,REGISTERED,,332.4347460263428
50,51,102.411032,REGISTERED,5,4988.440155197011
50,60,60.967157,ROUTER,6,4908.441290229893
50,61,111.391752,ROUTER,6,4908.441391079082
50,70,129.199244,CLUSTER_HEAD,,328.4425681596473
50,52,186.453263,CLUSTER_HEAD,,408.4402376802778
50,62,203.653352,ROUTER,,316.1923377733028
50,71,213.331309,CLUSTER_HEAD,,328.4428542633133
50,42,202.653342,REGISTERED,,316.1909678989926
51,52,83.608775,CLUSTER_HEAD,5,4908.440246227541
51,60,110.508193,ROUTER,6,4908.441339770928
51,61,80.720609,ROUTER,6,4908.441360407939
51,62,172.982210,ROUTER,,316.1923377733028
51,70,178.740280,CLUSTER_HEAD,,328.4425681596473
51,71,182.660167,CLUSTER_HEAD,,328.4428542633133
51,63,179.658925,REGISTERED,,316.1923519747533
51,33,179.918359,REGISTERED,,380.599580258193
51,53,180.989463,REGISTERED,,396.1911682682812
51,44,238.024961,REGISTERED,,416.19017645991113
52,53,97.380688,REGISTERED,5,4896.191168268281
52,61,75.061511,ROUTER,6,4908.441354748841
52,62,85.637249,ROUTER,6,4916.192331148951
52,63,96.050150,REGISTERED,6,4916.1923519747525
52,71,177.001069,CLUSTER_HEAD,,328.4428542633133
52,73,161.254989,REGISTERED,,336.1597855180668
52,72,164.890123,CLUSTER_HEAD,,336.1925625231988
52,60,147.416685,ROUTER,,408.44130161790963
52,54,157.002630,CLUSTER_HEAD,,315.3039522675035
52,64,151.691890,REGISTERED,,416.1583745939295
52,45,235.234525,REGISTERED,,316.19018051568463
52,70,182.223160,CLUSTER_HEAD,,328.4426070892092
53,54,59.621942,CLUSTER_HEAD,6,4915.303952267503
53,64,57.866808,REGISTERED,6,4916.158376818997
53,63,42.405675,REGISTERED,6,4916.192298330278
53,62,107.477847,ROUTER,6,4916.192352989548
53,73,183.095587,REGISTERED,,336.1597855180668
53,55,127.099384,REGISTERED,,352.43476743124296
53,65,176.074338,ROUTER,,297.7153702718647
53,74,171.794108,REGISTERED,,317.71566521649464
53,35,197.481116,CLUSTER_HEAD,,376.18952343094105
53,61,199.739448,ROUTER,,408.44137194893096
53,71,189.279350,CLUSTER_HEAD,,328.44283412525897
53,72,186.730721,CLUSTER_HEAD,,336.1925625231988
54,55,67.477442,REGISTERED,5,4952.434767431242
54,65,116.452396,ROUTER,5,297.7153702718647
54,64,61.477586,REGISTERED,6,4916.158380429774
54,63,92.155673,REGISTERED,6,4916.192348080276
54,66,170.676880,REGISTERED,,332.43472612842527
54,56,191.941150,CLUSTER_HEAD,,412.4345700378477
54,75,182.991235,REGISTERED,,212.43617595810076
54,76,222.003513,REGISTERED,,212.43619125796013
54,74,215.608971,REGISTERED,,217.71587423827995
54,32,229.197394,ROUTER,,372.11481410089175
54,62,167.099789,ROUTER,,316.1923529895495
54,73,179.384711,REGISTERED,,336.15982780745196
55,56,79.769093,CLUSTER_HEAD,4,4912.434540415614
55,66,103.199438,REGISTERED,5,4932.434726128425
55,65,68.858431,ROUTER,5,4897.715322677899
55,64,87.607422,REGISTERED,6,4916.158406559611
55,57,148.941764,REGISTERED,,312.4344409648134
55,75,135.397270,REGISTERED,,377.4360299121444
55,76,174.409548,CLUSTER_HEAD,,357.4377728383927
55,63,143.249163,REGISTERED,,316.19231156634356
55,74,168.015006,REGISTERED,,317.71565044577005
55,73,205.514547,REGISTERED,,336.15982780745196
56,57,69.172671,REGISTERED,4,4912.434440964813
56,48,179.978938,CLUSTER_HEAD,,307.4352873922152
56,66,74.986882,REGISTERED,5,4932.43469791587
56,65,107.614606,ROUTER,5,4897.715361434075
56,75,174.153446,REGISTERED,,377.4360299121444
56,76,213.165724,CLUSTER_HEAD,,357.4377728383927
56,64,167.376516,REGISTERED,,316.1584065596117
56,74,206.771182,REGISTERED,,317.71565044577005
56,58,166.522593,REGISTERED,,213.4955241479195
56,67,159.884219,REGISTERED,,232.43475213788088
57,66,101.163081,REGISTERED,5,4932.434724092069
57,58,68.113174,REGISTERED,5,4913.495517188077
57,67,90.711548,REGISTERED,8,4932.43475213788
57,59,155.787168,ROUTER,,367.4355263157354
57,68,182.995432,REGISTERED,,407.4371327693401
57,65,176.787277,ROUTER,,297.7153614340751
57,78,190.172869,CLUSTER_HEAD,,407.43713914739544
57,77,190.842708,CLUSTER_HEAD,,257.4376770512025
57,75,179.287752,REGISTERED,,312.43595285081363
57,76,185.558089,CLUSTER_HEAD,,312.43599813342865
58,59,87.673993,ROUTER,5,4967.435526315735
58,68,114.882257,REGISTERED,7,4907.43713276934
58,67,84.600010,REGISTERED,8,4932.4347460263425
58,66,192.146910,REGISTERED,,432.4347304758879
58,69,223.393501,CLUSTER_HEAD,,387.4368008645948
58,77,202.399312,ROUTER,,332.4373537347527
58,36,206.134511,REGISTERED,,356.9569843709036
58,78,184.061331,CLUSTER_HEAD,,407.43713914739544
59,69,73.265928,CLUSTER_HEAD,6,4987.436765619278
59,68,122.665422,REGISTERED,7,4907.437140552504
59,78,189.043502,CLUSTER_HEAD,,307.4371554636491
59,79,192.052215,CLUSTER_HEAD,,307.4371674984983
59,67,173.402902,REGISTERED,,332.4347121638133
59,77,210.182476,ROUTER,,332.4373537347527
60,61,72.355174,ROUTER,6,4908.441352042504
60,70,68.232087,CLUSTER_HEAD,7,4928.442568159647
60,62,164.616775,ROUTER,,316.1923377733028
60,71,174.294732,CLUSTER_HEAD,,328.4428542633133
60,80,137.105227,CLUSTER_HEAD,,348.44277542011986
60,81,176.423564,CLUSTER_HEAD,,348.44293269346707
61,62,92.261601,ROUTER,6,4916.192337773302
61,70,107.161649,CLUSTER_HEAD,7,4928.442607089209
61,71,101.939558,CLUSTER_HEAD,7,4928.442854263313
61,73,167.879340,REGISTERED,,336.1597855180668
61,72,171.514475,CLUSTER_HEAD,,336.1925625231988
61,81,215.353126,CLUSTER_HEAD,,348.44293269346707
61,82,200.166164,CLUSTER_HEAD,,348.4431452301823
61,80,176.034789,CLUSTER_HEAD,,348.44277542011986
61,63,164.303609,REGISTERED,,416.19232796661197
62,63,72.042009,REGISTERED,6,4916.192327966612
62,71,81.801503,CLUSTER_HEAD,7,4928.442834125259
62,73,75.617740,REGISTERED,7,4936.159785518066
62,72,79.252874,CLUSTER_HEAD,7,4936.192562523198
62,64,127.683749,REGISTERED,,416.1583745939295
62,45,245.331683,REGISTERED,,416.19018051568463
62,74,179.134719,REGISTERED,,417.7156548061735
62,82,180.028110,CLUSTER_HEAD,,348.4431452301823
62,83,171.293881,CLUSTER_HEAD,,357.71593930846933
62,81,187.121456,CLUSTER_HEAD,,348.4429323705721
62,70,176.773412,CLUSTER_HEAD,,428.4425948994687
62,42,175.108857,REGISTERED,,416.1909571282904
63,64,55.641740,REGISTERED,6,4916.158374593929
63,73,95.312164,REGISTERED,7,4936.15980521249
63,65,208.608069,ROUTER,,297.7153702718647
63,35,230.014847,CLUSTER_HEAD,,376.18952343094105
63,72,151.294883,CLUSTER_HEAD,,336.1925625231988
63,74,198.829143,REGISTERED,,417.7156548061735
63,71,200.733186,CLUSTER_HEAD,,428.4428577447781
63,82,187.280781,CLUSTER_HEAD,,348.44313897219286
63,83,191.478687,CLUSTER_HEAD,,357.7159434339856
63,42,185.521758,REGISTERED,,416.1909571282904
64,65,94.218545,ROUTER,5,4897.715348038013
64,74,113.927300,REGISTERED,6,4917.715665216495
64,73,117.907125,REGISTERED,7,4936.159827807452
64,66,190.806860,REGISTERED,,332.43472612842527
64,75,208.524709,REGISTERED,,412.43596932355126
64,76,199.769662,CLUSTER_HEAD,,412.43601928953774
64,35,199.336760,CLUSTER_HEAD,,376.18952343094105
64,83,225.823555,CLUSTER_HEAD,,357.7159591637177
64,71,223.328147,CLUSTER_HEAD,,428.4428577447781
64,72,154.421134,CLUSTER_HEAD,,336.19251978433397
64,82,209.875742,CLUSTER_HEAD,,348.44313897219286
65,66,74.600315,REGISTERED,5,4932.434697529303
65,75,66.538839,REGISTERED,10,4977.436029912144
65,76,105.551117,CLUSTER_HEAD,9,4957.4377728383915
65,74,99.156575,REGISTERED,6,4917.71565044577
65,86,166.492451,REGISTERED,,352.43625436989123
65,85,172.178838,REGISTERED,,372.43629668754306
65,84,183.885399,ROUTER,,372.4377707768016
65,73,212.125670,REGISTERED,,336.15982780745196
65,83,211.052830,CLUSTER_HEAD,,357.7159591637177
65,77,195.918350,ROUTER,,332.43735658493085
65,35,254.311570,CLUSTER_HEAD,,376.18952343094105
66,75,78.124671,REGISTERED,10,4977.436041497976
66,76,84.395008,CLUSTER_HEAD,9,4957.437751682283
66,67,107.546900,REGISTERED,8,4932.434768973232
66,68,158.284381,REGISTERED,,307.4370686245638
66,78,207.008221,CLUSTER_HEAD,,407.43713914739544
66,77,174.762241,ROUTER,,332.43735658493085
66,74,173.756891,REGISTERED,,317.71565044577005
66,86,178.078283,REGISTERED,,352.43625436989123
66,85,183.764669,REGISTERED,,372.43629668754306
66,84,195.471231,ROUTER,,372.4377707768016
66,44,233.422956,REGISTERED,,316.19016890077785
67,68,50.737481,REGISTERED,7,4907.437068624564
67,78,99.461321,CLUSTER_HEAD,7,4907.437139147395
67,77,100.131160,ROUTER,8,4932.437366348857
67,75,185.671571,REGISTERED,,312.43595285081363
67,76,190.498393,CLUSTER_HEAD,,412.4360041056533
67,69,159.248725,CLUSTER_HEAD,,387.4368008645948
67,79,167.189234,CLUSTER_HEAD,,407.4371164401242
67,87,172.037837,ROUTER,,427.43880694251266
67,88,201.598811,ROUTER,,327.43883888933385
67,89,218.266762,REGISTERED,,427.4388722252351
68,69,108.511244,CLUSTER_HEAD,6,4987.436800864594
68,78,51.462175,CLUSTER_HEAD,7,4907.437091148249
68,79,113.665165,CLUSTER_HEAD,7,4907.437162377376
68,77,87.517055,ROUTER,8,4932.437353734752
68,87,159.423732,ROUTER,,427.43880694251266
68,88,153.599665,ROUTER,,327.43883888933385
68,89,170.267616,REGISTERED,,327.4388722252351
68,98,230.619526,REGISTERED,,327.4389345479117
68,76,177.884288,CLUSTER_HEAD,,412.4360041056533
68,86,159.061327,REGISTERED,,352.43622596055195
69,78,115.777575,CLUSTER_HEAD,7,4907.437155463648
69,79,118.786287,CLUSTER_HEAD,7,4907.437167498498
69,77,196.028299,ROUTER,,332.4373537347527
69,87,216.199056,ROUTER,,327.4388354573175
69,88,217.915065,ROUTER,,327.43883888933385
69,89,234.583015,REGISTERED,,327.4388722252351
69,98,235.740648,REGISTERED,,327.4389345479117
70,71,94.971909,CLUSTER_HEAD,7,4928.442847295664
70,80,68.873140,CLUSTER_HEAD,8,4948.44277542012
70,81,108.191477,CLUSTER_HEAD,8,4948.442932693466
70,90,165.894339,REGISTERED,,368.44443481079225
70,82,193.198515,CLUSTER_HEAD,,348.4431452301823
70,72,216.060059,CLUSTER_HEAD,,436.1925911389065
70,91,171.686028,REGISTERED,,368.44449729588524
71,73,105.421022,REGISTERED,7,4936.159815321349
71,72,76.687709,CLUSTER_HEAD,7,4936.192559958033
71,81,69.835896,CLUSTER_HEAD,8,4948.442894337886
71,82,98.226607,CLUSTER_HEAD,8,4948.443145230182
71,80,157.276425,CLUSTER_HEAD,,448.44279398750854
71,90,183.541426,REGISTERED,,368.4444514951229
71,91,133.330448,REGISTERED,,368.44449729588524
71,83,168.728715,CLUSTER_HEAD,,357.71593930846933
71,92,183.926677,REGISTERED,,368.4449569539374
71,93,214.496282,REGISTERED,,368.4450180931465
71,74,208.938001,REGISTERED,,417.7156548061735
72,73,36.514009,REGISTERED,7,4936.159746414335
72,81,107.868582,CLUSTER_HEAD,8,4948.442932370572
72,82,62.026393,CLUSTER_HEAD,8,4948.443109029969
72,83,92.041007,CLUSTER_HEAD,8,4957.715939308469
72,74,140.030988,REGISTERED,,417.7156548061735
72,91,171.363133,REGISTERED,,368.44449729588524
72,92,147.726463,REGISTERED,,368.4449569539374
72,93,178.296068,REGISTERED,,368.4450180931465
72,84,190.523130,ROUTER,,372.43775191236523
72,90,221.574111,REGISTERED,,368.4444514951229
72,80,195.309110,CLUSTER_HEAD,,448.44279398750854
73,74,103.516979,REGISTERED,6,4917.715654806174
73,82,91.968617,CLUSTER_HEAD,8,4948.443138972193
73,83,96.166523,CLUSTER_HEAD,8,4957.715943433986
73,75,198.114388,REGISTERED,,412.43596932355126
73,70,200.392931,CLUSTER_HEAD,,428.4425948994687
73,81,174.207478,CLUSTER_HEAD,,448.44290674085147
73,91,163.516329,REGISTERED,,368.444505349046
73,92,177.668688,REGISTERED,,368.4449569539374
73,93,208.238292,REGISTERED,,368.4450180931465
73,84,194.648646,ROUTER,,372.43775191236523
73,45,257.639410,REGISTERED,,416.1901823941333
74,75,94.597409,REGISTERED,10,4977.436057970714
74,76,213.672371,CLUSTER_HEAD,,457.43777262797744
74,83,169.110878,CLUSTER_HEAD,,457.7159457495858
74,85,108.331669,REGISTERED,10,4972.436299379213
74,84,70.628755,ROUTER,9,4972.4377240589965
74,86,204.952166,REGISTERED,,452.4362510367765
74,95,173.088288,REGISTERED,,467.44098031450085
74,93,172.864393,REGISTERED,,468.4450040591103
74,94,196.278194,CLUSTER_HEAD,,387.4428800201752
74,82,183.656236,CLUSTER_HEAD,,348.44311876355704
74,96,218.084094,CLUSTER_HEAD,,347.4407455503953
74,92,193.934705,REGISTERED,,368.4449532923171
74,45,253.659585,REGISTERED,,416.1901823941333
75,86,99.953612,REGISTERED,9,4952.436254369891
75,76,44.323581,CLUSTER_HEAD,9,4957.437711610856
75,85,105.639998,REGISTERED,10,4972.436296687542
75,84,117.346559,ROUTER,9,372.4377707768016
75,77,171.497885,ROUTER,,432.4373377619707
75,83,206.493664,CLUSTER_HEAD,,357.7159591637177
75,87,189.829309,ROUTER,,327.43882491153295
75,96,202.606134,CLUSTER_HEAD,,447.44073845049195
75,95,170.396617,REGISTERED,,467.44098031450085
75,94,193.586523,CLUSTER_HEAD,,387.4428800201752
75,93,219.582198,REGISTERED,,368.4450040591103
76,77,90.367233,ROUTER,8,4932.43735658493
76,86,60.926464,REGISTERED,9,4952.436215342744
76,78,170.774013,CLUSTER_HEAD,,407.43712009285457
76,87,162.273910,ROUTER,,427.43880694251266
76,85,105.340702,REGISTERED,10,4972.436296388246
76,84,161.670141,ROUTER,,372.4377707768016
76,96,163.578986,CLUSTER_HEAD,,447.44073845049195
76,95,170.097321,REGISTERED,,467.44098031450085
76,94,193.287227,CLUSTER_HEAD,,387.4428800201752
77,78,80.406780,CLUSTER_HEAD,7,4907.437120092854
77,87,71.906677,ROUTER,8,4927.438806942512
77,86,71.544273,REGISTERED,9,4952.436225960551
77,79,193.316523,CLUSTER_HEAD,,407.437170122057
77,88,182.544270,ROUTER,,327.43883888933385
77,89,199.212221,REGISTERED,,427.4388722252351
77,98,163.796539,REGISTERED,,427.4389094834125
77,97,156.541809,REGISTERED,,347.4406864201564
77,96,174.196794,CLUSTER_HEAD,,447.44073845049195
78,79,67.727913,CLUSTER_HEAD,7,4907.437116440124
78,87,100.421482,ROUTER,8,4927.4388354573175
78,88,102.137490,ROUTER,8,4927.438838889334
78,89,118.805441,REGISTERED,8,4927.438872225234
78,98,192.311344,REGISTERED,,327.4389094834125
78,97,185.056614,REGISTERED,,347.4406864201564
78,96,219.069559,CLUSTER_HEAD,,347.4407544460477
78,86,190.297179,REGISTERED,,352.43624429197655
78,99,200.740156,CLUSTER_HEAD,,347.44074234424875
79,88,71.763823,ROUTER,8,4927.438808515666
79,89,62.224660,REGISTERED,8,4927.438815644454
79,98,116.954362,REGISTERED,8,4927.438934547911
79,87,208.844224,ROUTER,,427.4388269256979
79,58,228.547422,REGISTERED,,313.49556395716013
79,99,170.366489,CLUSTER_HEAD,,347.44074234424875
79,97,178.182478,REGISTERED,,347.4407082036797
80,81,87.440529,CLUSTER_HEAD,8,4948.442911942519
80,90,97.021199,REGISTERED,9,4968.444434810792
80,91,150.935080,REGISTERED,,368.44449729588524
81,82,82.238861,CLUSTER_HEAD,8,4948.443129242437
81,90,170.561704,REGISTERED,,368.44444485674586
81,91,63.494551,REGISTERED,9,4968.4444972958845
81,83,199.909588,CLUSTER_HEAD,,357.71593930846933
81,92,167.938931,REGISTERED,,368.4449569539374
81,93,198.508536,REGISTERED,,368.4450180931465
82,83,71.759981,CLUSTER_HEAD,8,4957.715919027444
82,91,71.547712,REGISTERED,9,4968.444505349045
82,92,85.700070,REGISTERED,9,4968.444956953937
82,93,116.269675,REGISTERED,9,4968.445018093146
82,80,169.679390,CLUSTER_HEAD,,448.44279398750854
82,90,178.614865,REGISTERED,,368.44444485674586
82,84,170.242104,ROUTER,,372.43775191236523
82,94,203.410795,CLUSTER_HEAD,,387.4428792147709
82,95,239.957379,REGISTERED,,467.4410392455856
83,92,82.038450,REGISTERED,9,4968.444953292316
83,93,60.973344,REGISTERED,9,4968.444962796815
83,84,98.482123,ROUTER,9,4972.437751912365
83,95,184.661048,REGISTERED,,467.4410392455856
83,85,154.038267,REGISTERED,,472.4362466036891
83,94,148.114464,CLUSTER_HEAD,,387.4428792147709
83,91,170.082863,REGISTERED,,468.44452184574664
84,95,89.685727,REGISTERED,10,4967.441005243609
84,93,102.235639,REGISTERED,9,4968.44500405911
84,85,55.556144,REGISTERED,10,4972.436246603688
84,94,87.624702,CLUSTER_HEAD,10,4987.442879698352
84,86,152.176642,REGISTERED,,452.4362510367765
84,64,184.556054,REGISTERED,,416.1584328794892
84,96,182.939031,CLUSTER_HEAD,,447.44072905127405
84,92,170.618494,REGISTERED,,468.44493963672204
85,96,109.752425,CLUSTER_HEAD,9,4947.440745550394
85,86,96.620497,REGISTERED,9,4952.436251036776
85,95,64.756619,REGISTERED,10,4967.4409803145
85,94,87.946525,CLUSTER_HEAD,10,4987.442880020175
85,77,168.164770,ROUTER,,432.4373377619707
85,64,222.258969,REGISTERED,,416.1584328794892
85,87,228.400503,ROUTER,,427.4388536839131
85,97,201.127116,REGISTERED,,447.4406931597154
85,93,157.791783,REGISTERED,,468.4450040591103
85,73,211.848648,REGISTERED,,436.15981341730577
86,87,89.875697,ROUTER,8,4927.438824911533
86,96,102.652522,CLUSTER_HEAD,9,4947.440738450491
86,88,168.706937,ROUTER,,427.4388155830837
86,98,181.765560,REGISTERED,,327.4389094834125
86,97,194.027213,REGISTERED,,447.4406931597154
86,79,211.285543,CLUSTER_HEAD,,407.437170122057
86,67,171.675433,REGISTERED,,432.4347615574926
86,95,161.377116,REGISTERED,,467.44098031450085
86,94,184.567022,CLUSTER_HEAD,,387.4428800201752
87,88,78.831240,ROUTER,8,4927.438815583084
87,98,91.889862,REGISTERED,8,4927.438909483412
87,97,84.635132,REGISTERED,9,4947.4406864201555
87,96,118.648078,CLUSTER_HEAD,9,4947.440754446047
87,89,219.226923,REGISTERED,,427.4388722252351
87,99,177.433906,CLUSTER_HEAD,,347.44074234424875
87,95,211.901381,REGISTERED,,367.4410088111855
88,89,44.594184,REGISTERED,8,4927.438798013977
88,98,46.556637,REGISTERED,8,4927.438864150186
88,97,106.418655,REGISTERED,9,4947.44070820368
88,99,98.602666,CLUSTER_HEAD,9,4947.440742344248
88,96,197.479317,CLUSTER_HEAD,,347.4407544460477
89,98,71.270190,REGISTERED,8,4927.4388888637395
89,99,76.840646,CLUSTER_HEAD,9,4947.440720582227
89,97,151.012839,REGISTERED,,347.4407082036797
90,91,107.067153,REGISTERED,9,4968.444540868486
91,92,88.044413,REGISTERED,9,4968.444959298279
91,93,187.817387,REGISTERED,,368.4450180931465
92,93,68.382855,REGISTERED,9,4968.444970206327
92,90,195.111565,REGISTERED,,368.44444485674586
92,94,155.523975,CLUSTER_HEAD,,387.4428792147709
92,95,192.070559,REGISTERED,,467.4410392455856
93,94,87.141120,CLUSTER_HEAD,10,4987.442879214771
93,95,123.687704,REGISTERED,10,4967.441039245585
93,96,216.941008,CLUSTER_HEAD,,447.44072905127405
94,95,39.908826,REGISTERED,10,4967.440955466707
94,96,133.162130,CLUSTER_HEAD,,447.44072905127405
95,96,93.253304,CLUSTER_HEAD,9,4947.440729051274
95,97,184.627995,REGISTERED,,447.4406931597154
96,97,91.374691,REGISTERED,9,4947.440693159715
96,98,167.252930,REGISTERED,,427.4388934717896
96,79,240.057923,CLUSTER_HEAD,,407.437170122057
97,98,75.878239,REGISTERED,8,4927.438893471789
97,99,205.021322,CLUSTER_HEAD,,447.44074234424875
98,99,80.717349,CLUSTER_HEAD,9,4947.44072445893
